name,avg_g3d_mark,bus_interface,max_memory_size,core_clock,max_direct,open_gl,max_tdp,test_directx_9,test_directx_10,test_directx_11,test_directx_12,test_gpu_compute
radeon rx 6600m,13814,pcie 4.0 x8,8192.0,2068.0,12_2,4.6,100.0,180.0,89.0,135.0,52.0,5752.0
radeont rx 6850m xt,13848,pcie 4.0 x16,12288.0,2321.0,12_2,4.6,165.0,144.0,106.0,166.0,59.0,5210.0
rtx 1000 ada generation,14043,,,,,,,179.0,74.0,115.0,65.0,5471.0
rtx a3000 12gb,14088,,,,,,,169.0,88.0,115.0,65.0,5593.0
geforce rtx 4050,14433,pcie 4.0 x16,6144.0,1605.0,12_2,4.6,115.0,186.0,81.0,131.0,61.0,5943.0
radeon igp 34xm,2,,,,,,,,,,,
radeon igp 340m,3,,,,,,,,,,,
radeon igp 345m,3,,,,,,,,,,,
mobility radeon 9200,3,agp 8x,64.0,,8.1,1.4,,,,,,
mobility radeon 9000,3,agp 4x,64.0,250.0,8.1,1.4,,,,,,
geforce4 420 go,3,agp 8x,32.0,200.0,7,1.2,,,,,,
radeon igp 320m,4,,,,,,,,,,,
mobility radeon 7500,4,agp 4x,64.0,280.0,7,1.3,,,,,,
geforce4 440 go,4,agp 8x,64.0,220.0,7,1.2,,,,,,
geforce4 4200 go,4,agp 8x,64.0,200.0,8.1,1.3,,,,,,
geforce2 go,4,agp 4x,32.0,143.0,7,1.2,,,,,,
radeon igp 350m,6,,,,,,,,,,,
geforce fx go 5200,8,agp x8,32.0,300.0,9,1.5,,,,,,
geforce 7000m / nforce 610m,13,,,,,,,,,,,
geforce 7000m,13,hyper transport,256.0,350.0,9.0c,2.1,,,,,,
geforce go 6200,15,pci-e x16,16.0,300.0,9.0c,2.1,,,,,,
geforce fx go 5600,18,agp x8,32.0,350.0,9,1.5,,,,,,
geforce 7150m / nforce 630m,18,,,,,,,,,,,
radeon xpress 200m,23,,,,,,,,,,,
geforce go 6400,24,pci-e x16,16.0,400.0,9.0c,2.1,,,,,,
mobility radeon 9700,27,agp 8x,128.0,450.0,9,2.0,,,,,,
mobility radeon 9550,30,agp 8x,64.0,210.0,9,2.0,,,,,,
mobility radeon x1450,33,pcie x16,128.0,550.0,9.0c,2.0,,,,,,
mobility radeon x300,34,pci-e x16,128.0,350.0,9.0b,2.0,,,,,,
mobility radeon 9600,36,agp 8x,128.0,300.0,9,2.0,,,,,,
mobility radeon 9600/9700,39,agp 8x,128.0,300.0,9,2.0,,,,,,
mobility radeon x1300,40,pcie x16,128.0,350.0,9.0c,2.0,,,,,,
mobility radeon x1350,40,pcie x16,128.0,470.0,9.0c,2.0,,,,,,
radeon xpress 1300m,40,,,,,,,,,,,
mobility radeon x1400,43,pcie x16,128.0,445.0,9.0c,2.0,,,,,,
geforce go 7200,45,pcie x16,64.0,450.0,9.0c,2.1,,,,,,
mobility radeon 9800,46,agp 8x,256.0,350.0,9,2.0,,,,,,
mobility radeon x2300,48,pcie x16,128.0,480.0,9.0c,2.0,,,,,,
mobility radeon x600,50,pci-e x16,128.0,400.0,9.0b,2.0,,,,,,
mobility radeon hd 2300,51,pcie x16,512.0,480.0,9.0c,2.0,,,,,,
geforce go 7300,52,pcie x16,512.0,350.0,9.0c,2.1,,1.0,0.0,0.0,0.0,0.0
geforce 8200m g,58,integrated (pcie 2.0 x16),256.0,400.0,10,3.3,,1.0,1.0,0.0,0.0,0.0
geforce 8400m g,59,pcie x16,128.0,400.0,10,3.3,10.0,,,,,
geforce g 103m,63,pcie 2.0 x16,512.0,640.0,10,3.3,14.0,2.0,0.0,0.0,0.0,0.0
mobility radeon hd 3410,63,pcie x16 1.1,512.0,400.0,10.1,2.0,,,,,,
geforce g 105m,63,pcie 2.0 x16,512.0,640.0,10,3.3,14.0,2.0,0.0,0.0,0.0,0.0
geforce go 7400,66,pcie x16,256.0,450.0,9.0c,2.1,,2.0,0.0,0.0,0.0,0.0
mobility radeon hd 4225,66,internal pcie x16 1.1,512.0,380.0,10.1,2.0,,,,,,
geforce 8400m gt,67,pcie x16,256.0,450.0,10,3.3,14.0,2.0,1.0,0.0,0.0,0.0
mobility radeon x700,67,pci-e x16,128.0,350.0,9.0b,2.0,,,,,,
geforce 9400m g,68,integrated(pcie 2.0 x16),256.0,450.0,10,3.3,12.0,3.0,0.0,0.0,0.0,0.0
geforce 9100m g,68,,,,,,,2.0,1.0,0.0,0.0,0.0
geforce go 6600,69,pci-e x16,128.0,300.0,9.0c,2.1,,,,,,
geforce 8600m gs,70,pcie x16,256.0,600.0,10,3.3,20.0,4.0,0.0,0.0,0.0,0.0
mobility radeon x2500,82,pcie x16,256.0,460.0,9.0c,2.0,,,,,,
geforce 9300m g,85,pcie 2.0 x16,256.0,400.0,10,3.3,13.0,,,,,
mobility radeon hd 2400,90,pcie x16,256.0,450.0,10,2.0,,,,,,
mobility radeon hd 4200,91,internal pcie x16 1.1,512.0,500.0,10.1,2.0,,,,,,
mobility radeon hd 3450,91,pcie x16 2.0,256.0,500.0,10.1,2.0,,,,,,
geforce g205m,92,,,,,,,,,,,
mobility radeon x1600,92,pcie x16,256.0,450.0,9.0c,2.0,,,,,,
mobility radeon hd 4270,93,internal pcie x16 1.1,512.0,590.0,10.1,2.0,,,,,,
mobility radeon hd 3470,93,pcie x16 2.0,256.0,680.0,10.1,2.0,,,,,,
radeon hd 6250,94,unb/mc,,400.0,11,4.4,35.0,3.0,0.0,1.0,0.0,44.0
mobility radeon hd 3430,98,pcie x16 2.0,256.0,450.0,10.1,2.0,,,,,,
mobility radeon hd 4250,98,internal pcie x16 1.1,512.0,500.0,10.1,2.0,,,,,,
geforce 9300m gs,100,pcie 2.0 x16,256.0,550.0,10,3.3,13.0,2.0,2.0,0.0,0.0,0.0
geforce 9400m,101,,,,,,,3.0,2.0,0.0,0.0,0.0
mobility radeon hd 2400 xt,102,pcie x16,256.0,,10,2.0,,,,,,
geforce 9500m,104,,,,,,,,,,,
radeon hd 6290,105,unb/mc,,400.0,11,4.4,45.0,3.0,0.0,1.0,0.0,55.0
mobility radeon x1700,105,pcie x16,256.0,475.0,9.0c,2.0,,,,,,
geforce gt 320m,106,pcie 2.0 x16,1024.0,500.0,10.1,3.3,14.0,5.0,0.0,0.0,0.0,0.0
geforce9400m,106,,,,,,,,,,,
geforce go 6800,106,pci-e x16,128.0,300.0,9.0c,2.1,,,,,,
geforce 8400m gs,109,pcie x16,128.0,400.0,10,3.3,11.0,1.0,4.0,0.0,0.0,0.0
geforce 8600m gt,113,pcie x16,256.0,475.0,10,3.3,20.0,5.0,0.0,0.0,0.0,0.0
geforce go 7800,115,pcie x16,256.0,400.0,9.0c,2.1,35.0,,,,,
geforce 315m,115,pcie 2.0 x16,512.0,606.0,10.1,3.3,14.0,5.0,0.0,0.0,0.0,0.0
geforce 310m,116,pcie 2.0 x16,512.0,625.0,10.1,3.3,14.0,5.0,0.0,0.0,0.0,0.0
geforce g210m,117,pcie 2.0 x16,512.0,625.0,10.1,3.3,14.0,5.0,0.0,0.0,0.0,0.0
geforce 9500m g,122,pcie 2.0 x16,512.0,500.0,10,3.3,20.0,6.0,0.0,0.0,0.0,0.0
geforce 9200m gs,122,pcie 2.0 x16,256.0,550.0,10,3.3,13.0,2.0,3.0,0.0,0.0,0.0
geforce gt 220m,122,pcie 2.0 x16,1024.0,500.0,10,3.3,14.0,6.0,0.0,0.0,0.0,0.0
radeon hd 6310,122,unb/mc,,492.0,11,4.4,45.0,4.0,0.0,1.0,0.0,69.0
radeon hd 7290m,123,,,,,,,,,,,
geforce 8700m gt,124,pcie x16,256.0,625.0,10,3.3,29.0,7.0,0.0,0.0,0.0,0.0
geforce go 7600,128,pcie x16,512.0,450.0,9.0c,2.1,,,,,,
mobility radeon x1800,130,pcie x16,256.0,450.0,9.0c,2.0,,,,,,
geforce 9600m gs,131,pcie 2.0 x16,1024.0,430.0,10,3.3,20.0,7.0,1.0,0.0,0.0,0.0
geforce 9500m gs,134,pcie x16,512.0,475.0,10,3.3,20.0,5.0,1.0,0.0,0.0,0.0
geforce g105m,134,,,,,,,5.0,1.0,0.0,0.0,0.0
mobility radeon x1900,135,pcie x16,256.0,400.0,9.0c,2.0,,,,,,
mobility radeon hd 4330,135,pcie x16 2.0,512.0,450.0,10.1,3.3,,,,,,
geforce 9650m gt,137,pcie 2.0 x16,1024.0,550.0,10,3.3,23.0,7.0,0.0,0.0,0.0,0.0
geforce go 6800 ultra,138,pci-e x16,256.0,450.0,9.0c,2.1,,,,,,
geforce 9600m gt,140,pcie 2.0 x16,512.0,500.0,10,3.3,23.0,8.0,1.0,0.0,0.0,0.0
mobility radeon hd 3650,140,pcie x16 2.0,1024.0,500.0,10.1,3.3,,5.0,1.0,0.0,0.0,0.0
radeon hd 6290m,140,,,,,,,,,,,
mobility radeon hd 4570,143,pcie x16 2.0,512.0,680.0,10.1,3.3,,5.0,1.0,0.0,0.0,0.0
geforce 9200m ge,144,,,,,,,2.0,4.0,0.0,0.0,0.0
radeon hd 6300m,144,,,,,,,6.0,1.0,2.0,0.0,45.0
geforce gt 130m,146,pcie 2.0 x16,1024.0,600.0,10,3.3,23.0,8.0,1.0,0.0,0.0,0.0
radeon hd 6320,147,unb/mc,,600.0,11,4.4,45.0,4.0,1.0,1.0,0.0,76.0
geforce go 7700,148,pcie x16,512.0,450.0,9.0c,2.1,,,,,,
geforce 305m,151,pcie 2.0 x16,512.0,525.0,10.1,3.3,14.0,6.0,0.0,0.0,0.0,0.0
geforce gt 120m,151,pcie 2.0 x16,1024.0,500.0,10,3.3,23.0,9.0,0.0,0.0,0.0,0.0
radeon hd 7310m,166,,,,,,,,,,,
geforce g102m,168,,,,,,,2.0,4.0,0.0,0.0,0.0
mobility radeon hd 2600,168,pcie x16,256.0,,10,2.0,,,,,,
geforce gt 325m,170,pcie 2.0 x16,1024.0,450.0,10.1,3.3,23.0,7.0,1.0,0.0,0.0,0.0
mobility radeon hd 530v,175,pcie x16 2.0,1024.0,500.0,10.1,3.3,,,,,,
geforce go 7900 gs,176,pcie x16,256.0,375.0,9.0c,2.1,20.0,,,,,
mobility radeon hd 5430,181,pcie x16 2.1,1024.0,,11,4.4,7.0,,,,,
mobility radeon hd 4550,191,pcie x16 2.0,512.0,550.0,10.1,3.3,,,,,,
mobility radeon hd 2600 xt,192,pcie x16,256.0,680.0,10,2.0,,,,,,
radeon hd 6430m,193,pcie 2.1 x16,1024.0,480.0,11,4.4,,,,,,
radeon hd 6320m,198,,,,,,,,,,,
mobility radeon hd 545v,200,pcie x16 2.0,1024.0,720.0,10.1,3.3,,,,,,
radeon hd 6380g,201,unb/mc,,400.0,11,4.4,35.0,5.0,1.0,2.0,0.0,88.0
geforce 9700m gt,209,pcie x16,512.0,625.0,10,3.3,45.0,11.0,1.0,0.0,0.0,0.0
geforce go 7800 gtx,210,pcie x16,256.0,400.0,9.0c,2.1,65.0,,,,,
geforce 320m,210,"integrated,pcie 2.0 x16",256.0,450.0,10.1,3.3,20.0,7.0,1.0,0.0,0.0,0.0
geforce go 7600 gt,210,pcie x16,256.0,500.0,9.0c,2.1,,6.0,0.0,0.0,0.0,0.0
geforce gt 230m,212,pcie 2.0 x16,1024.0,500.0,10.1,3.3,23.0,9.0,1.0,0.0,0.0,0.0
geforce gt 240m,213,pcie 2.0 x16,1024.0,550.0,10.1,3.3,23.0,8.0,1.0,0.0,0.0,0.0
mobility radeon hd 5450,214,pcie x16 2.1,1024.0,675.0,11,4.4,11.0,,,,,
mobility radeon. hd 5470,215,pcie x16 2.1,512.0,750.0,11,4.4,13.0,,,,,
geforce gt 330m,217,pcie 2.0 x16,1024.0,575.0,10.1,3.3,23.0,9.0,1.0,0.0,0.0,0.0
radeon hd 7340m,221,,,,,,,,,,,
radeon hd 6470m,227,pcie 2.1 x16,1024.0,,11,4.4,,7.0,1.0,2.0,0.0,135.0
mobility radeon hd 3670,232,pcie x16 2.0,1024.0,680.0,10.1,2.0,,,,,,
mobility radeon hd 5470,236,pcie x16 2.1,512.0,750.0,11,4.4,13.0,,,,,
radeon hd 7640g + 8600m dual,250,,,,,,,,,,,
radeon hd 6480g,257,unb/mc,,444.0,11,4.4,45.0,6.0,1.0,3.0,0.0,134.0
geforce 410m,258,pcie 2.0 x16,512.0,575.0,11,4.5,12.0,5.0,1.0,2.0,0.0,122.0
geforce go 7950 gtx,264,pcie x16,512.0,575.0,9.0c,2.1,45.0,,,,,
mobility radeon hd 550v,266,pcie x16 2.0,1024.0,450.0,10.1,3.3,,,,,,
geforce 9650m gs,270,pcie 2.0 x16,512.0,625.0,10,3.3,29.0,,,,,
geforce go 7900 gtx,270,pcie x16,256.0,500.0,9.0c,2.1,45.0,,,,,
radeon hd 6370m,276,pcie 2.1 x16,1024.0,750.0,11,4.4,11.0,,,,,
geforce 9700m gts,278,pcie 2.0 x16,512.0,530.0,10,3.3,60.0,11.0,1.0,0.0,0.0,0.0
geforce gt 520mx,283,pcie 2.0 x16,1024.0,900.0,11,4.5,20.0,6.0,3.0,2.0,0.0,86.0
mobility radeon hd 5165,284,pcie x16 2.0,1024.0,600.0,10.1,3.3,35.0,,,,,
geforce gt 520m,286,pcie 2.0 x16,1024.0,740.0,11,4.5,12.0,6.0,2.0,2.0,0.0,93.0
geforce gt 415m,286,pcie 2.0 x16,512.0,500.0,11,4.5,12.0,7.0,1.0,0.0,0.0,0.0
geforce 610m,290,,,,,,,6.0,1.0,3.0,0.0,177.0
geforce 9600m gt / geforce gt 220m,293,,,,,,,,,,,
radeon hd 6520g,300,unb/mc,,400.0,11,4.4,45.0,7.0,1.0,3.0,0.0,156.0
radeon hd 8350g,304,integrated,,514.0,11.0,4.3,35.0,6.0,1.0,0.0,0.0,0.0
radeon hd 7520g + 8600/8700m dual,311,,,,,,,,,,,
mobility radeon hd 560v,318,pcie x16 2.0,1024.0,550.0,10.1,3.3,,,,,,
geforce 240m gt,320,,,,,,,,,,,
radeon hd 7600g + hd 7400m dual,329,,,,,,,,,,,
radeon hd 7450m,330,pcie 2.1 x16,1024.0,,11,4.4,7.0,,,,,
radeon hd 7600g + 8500m/8700m dual,334,,,,,,,6.0,1.0,2.0,0.0,67.0
radeon hd 6620g,341,unb/mc,,444.0,11,4.4,45.0,8.0,1.0,4.0,0.0,184.0
mobility radeon hd 565v,353,pcie x16 2.0,1024.0,675.0,10.1,3.3,,,,,,
radeon hd 6480m,353,,,,,,,,,,,
radeon hd 7500g + hd 7500m/7600m dual,356,,,,,,,,,,,
radeon hd 7660g + hd 8600m dual,364,,,,,,,,,,,
radeon hd 7520g n hd 7520g + hd 7600m n hd 7600m d,365,,,,,,,,,,,
mobility radeon hd 3850,366,pcie x16 2.0,512.0,580.0,10.1,2.0,,,,,,
geforce gt 610m / gt 620m / gt 710m / gt 720m / gt,369,,,,,,,,,,,
geforce 9800m gts,376,pcie 2.0 x16,512.0,600.0,10,3.3,75.0,13.0,1.0,0.0,0.0,0.0
radeon hd 7600g + 6400m dual,377,,,,,,,,,,,
radeon hd 7520g + 8750m dual,377,,,,,,,,,,,
radeon hd 6490m,378,pcie 2.1 x16,512.0,800.0,11,4.4,,,,,,
geforce gtx 260m,379,pcie 2.0 x16,1024.0,550.0,10,3.3,65.0,15.0,1.0,0.0,0.0,0.0
geforce 9800m gt,381,pcie 2.0 x16,512.0,500.0,10,3.3,65.0,18.0,1.0,0.0,0.0,0.0
geforce 8800m gts,382,pcie 2.0 x16,512.0,500.0,10,3.3,50.0,15.0,1.0,0.0,0.0,0.0
geforce gt 335m,382,pcie 2.0 x16,1024.0,450.0,10.1,3.3,28.0,9.0,2.0,0.0,0.0,0.0
radeon hd 7600g + 7450m dual,390,,,,,,,,,,,
geforce gt 420m,396,pcie 2.0 x16,512.0,500.0,11,4.5,23.0,8.0,2.0,3.0,0.0,158.0
mobility radeon hd 4650,401,pcie x16 2.0,1024.0,,10.1,3.3,,,,,,
radeon hd 7600g + 7500m/7600m dual,406,,,,,,,,,,,
radeon hd 7640g + hd 7600m n hd 7600m dual,407,,,,,,,,,,,
geforce 810m,407,,,,,,,6.0,2.0,4.0,2.0,200.0
radeon hd 7470m,408,pcie 2.1 x16,1024.0,,11,4.4,7.0,,,,,
geforce gts 350m,408,pcie 2.0 x16,1024.0,500.0,10.1,3.3,28.0,8.0,2.0,0.0,0.0,0.0
radeon r5 m230,414,pcie 3.0 x8,4096.0,780.0,11.2,4.3,,7.0,1.0,4.0,3.0,322.0
radeon hd 8500m,422,,,,,,,7.0,1.0,4.0,4.0,304.0
radeon hd 7640g n hd 7640g + hd 8570m dual,423,,,,,,,,,,,
radeon hd 7600g + 7550m dual,423,,,,,,,,,,,
radeon hd 7570m,427,pcie 2.1 x16,1024.0,,11,4.4,13.0,10.0,2.0,4.0,0.0,260.0
radeon hd 7650m,437,pcie 2.1 x16,1024.0,,11,4.4,20.0,10.0,2.0,4.0,0.0,278.0
geforce gt 620m,437,pcie 2.0 x16,2048.0,625.0,11.0,4.5,15.0,11.0,2.0,4.0,0.0,262.0
radeon hd 8570m,441,,,,,,,7.0,1.0,4.0,3.0,371.0
geforce gt 710m,442,,,,,,,10.0,2.0,4.0,0.0,313.0
radeon hd 7620g + hd 8600m dual,443,,,,,,,,,,,
radeon hd 7660g + 8600m dual,446,,,,,,,,,,,
radeon hd 7520g + hd 7600m dual,447,,,,,,,8.0,1.0,0.0,0.0,0.0
mobility radeon hd 5650,450,pcie x16 2.1,1024.0,,11,4.4,15.0,10.0,2.0,5.0,0.0,215.0
geforce gt625m,451,,,,,,,8.0,2.0,5.0,0.0,311.0
radeon hd 7620g n hd 7620g + hd 8600m n hd 8600m d,452,,,,,,,,,,,
radeon hd 8450g + hd 8600m dual,452,,,,,,,,,,,
radeon hd 7520g + 7650m dual,453,,,,,,,,,,,
geforce 9800m gtx,454,pcie 2.0 x16,1024.0,500.0,10,3.3,75.0,17.0,2.0,0.0,0.0,0.0
geforce 705m,456,,,,,,,,,,,
geforce 800m,457,,,,,,,12.0,1.0,4.0,1.0,250.0
geforce gt 525m,458,pcie 2.0 x16,1024.0,600.0,11,4.5,20.0,10.0,3.0,3.0,0.0,179.0
geforce 710m,459,pcie 2.0 x16,2048.0,800.0,11,4.5,12.0,11.0,2.0,4.0,0.0,294.0
geforce gt 720m,460,pcie 2.0 x16,2048.0,938.0,11,4.5,,10.0,2.0,4.0,1.0,362.0
radeon hd 7660g + hd 7600m n hd 7600m dual,460,,,,,,,,,,,
geforce 8800m gtx,462,pcie 2.0 x16,512.0,500.0,10,3.3,65.0,18.0,1.0,0.0,0.0,0.0
mobility radeon hd 4670,463,pcie x16 2.0,1024.0,675.0,10.1,3.3,,,,,,
radeon hd 7550m,465,pcie 2.1 x16,1024.0,,11,4.4,13.0,,,,,
radeon hd 7670m,473,pcie 2.1 x16,1024.0,600.0,11,4.4,20.0,12.0,2.0,4.0,0.0,275.0
radeon hd 7640g + hd 8570m dual,475,,,,,,,6.0,1.0,3.0,0.0,232.0
radeon hd 8450g + 8670m dual,475,,,,,,,,,,,
radeon hd 7600g + hd 7500m/7600m dual,477,,,,,,,8.0,2.0,4.0,0.0,242.0
radeon hd 8450g + hd 8670m dual,478,,,,,,,8.0,1.0,4.0,0.0,276.0
mobility radeon hd 3870 x2,478,pcie x16 2.0,2.0,660.0,10.1,2.0,,14.0,2.0,0.0,0.0,0.0
geforce gt 540m,478,pcie 2.0 x16,1024.0,672.0,11,4.5,32.0,11.0,2.0,3.0,0.0,350.0
geforce gt 625m,479,pcie 2.0 x16,2048.0,625.0,11,4.5,15.0,13.0,2.0,3.0,0.0,221.0
radeon hd 8610g + hd 8600m dual,481,,,,,,,9.0,2.0,0.0,0.0,0.0
radeon hd 7520g + 7400m dual,487,,,,,,,,,,,
radeon hd8530m,490,,,,,,,,,,,
geforce 820m,495,pcie 2.0 x16,2048.0,954.0,11,4.5,15.0,10.0,2.0,5.0,0.0,540.0
radeon hd 7520g + hd 7670m dual,495,,,,,,,,,,,
radeon hd 7500g + 7550m dual,497,,,,,,,,,,,
radeon hd 8450g + hd 8750m dual,504,,,,,,,,,,,
radeon r7 m260,504,pcie 3.0 x8,4096.0,,11.2,4.3,,8.0,1.0,4.0,5.0,374.0
geforce gts 150m,504,pcie 2.0 x16,1024.0,400.0,10,3.3,,,,,,
mobility radeon hd 5730,507,pcie x16 2.1,1024.0,650.0,11,4.4,26.0,12.0,2.0,5.0,0.0,259.0
radeon hd 7620g + hd 8670m dual,507,,,,,,,,,,,
radeon hd 7620g + 8600m dual,509,,,,,,,,,,,
radeon hd 7600g + hd 7550m dual,509,,,,,,,,,,,
radeon hd 7640g + 7610m dual,510,,,,,,,,,,,
mobility radeon hd 4830,512,pcie x16 2.0,1024.0,,10.1,3.3,,,,,,
radeon hd 7640g + hd 7670m dual,519,,,,,,,10.0,2.0,0.0,0.0,0.0
radeon hd 8670m,520,pcie 3.0 x8,1024.0,775.0,11.1,4.4,,,,,,
geforce gt 425m,523,pcie 2.0 x16,1024.0,560.0,11,4.5,23.0,12.0,2.0,5.0,1.0,227.0
radeon hd 7520g + 7670m dual,523,,,,,,,,,,,
radeon 6600m,524,,,,,,,13.0,2.0,5.0,0.0,262.0
radeon hd 7640g + 6400m dual,527,,,,,,,,,,,
radeon hd 8550g + hd 8570m dual,529,,,,,,,,,,,
radeon hd 8550g + 8570m dual,533,,,,,,,,,,,
geforce gt 435m,536,pcie 2.0 x16,2048.0,650.0,11,4.5,35.0,13.0,2.0,5.0,1.0,221.0
radeon r5 m255,538,pcie 3.0 x8,4096.0,,11.2,4.3,,9.0,2.0,4.0,4.0,350.0
geforce gt 630m,538,pcie 2.0 x16,2048.0,,11,4.5,33.0,13.0,2.0,5.0,0.0,288.0
radeon hd 7520g + 7470m dual,543,,,,,,,,,,,
radeon hd 7600g + hd 8670m dual,544,,,,,,,,,,,
radeon hd 7520g + hd 7400m dual,545,,,,,,,,,,,
radeon hd 8450g + 8600m dual,545,,,,,,,,,,,
radeon r7 m265,546,pcie 3.0 x8,4096.0,725.0,11.2,4.3,,8.0,2.0,4.0,5.0,390.0
radeon hd 8550g + hd 8670m dual,546,,,,,,,,,,,
mobility radeon hd 3870,548,pcie x16 2.0,512.0,660.0,10.1,2.0,,,,,,
radeon hd 8550g + hd 7600m dual,548,,,,,,,6.0,1.0,3.0,0.0,278.0
radeon r5 m335,549,pcie 3.0 x6,4096.0,1070.0,12.0,4.3,,,,,,
geforce gts 250m,554,pcie 2.0 x16,1024.0,500.0,10.1,3.3,28.0,14.0,3.0,0.0,0.0,0.0
geforce 9800m gs,555,pcie 2.0 x16,512.0,530.0,10,3.3,60.0,18.0,3.0,0.0,0.0,0.0
geforce gt 635m,558,pcie 2.0 x16,1536.0,675.0,11,4.5,35.0,13.0,2.0,5.0,0.0,327.0
radeon hd 7640g + 8570m dual,558,,,,,,,,,,,
radeon hd 7640g + 8670m dual,558,,,,,,,,,,,
radeon hd 8550g + hd 8500m dual,559,,,,,,,,,,,
geforce gt 820m,560,,,,,,,13.0,2.0,6.0,1.0,317.0
radeon hd 6610m,565,,,,,,,,,,,
radeon hd 7660g + hd 7600m dual,568,,,,,,,11.0,2.0,6.0,0.0,293.0
geforce gt 550m,571,pcie 2.0 x16,1024.0,740.0,11,4.5,32.0,15.0,2.0,5.0,0.0,1872.0
radeon r7 m360,575,pcie 3.0 x16,4096.0,,12.0,4.3,,9.0,1.0,5.0,5.0,1334.0
radeon hd 7520g + hd 7700m dual,575,,,,,,,,,,,
geforce gtx 280m,576,pcie 2.0 x16,1024.0,585.0,10,3.3,75.0,21.0,2.0,0.0,0.0,0.0
radeon hd 7620g + 8670m dual,577,,,,,,,,,,,
radeon hd 8610g + hd 8670m dual,578,,,,,,,,,,,
radeon hd 8550g + 8670m dual,579,,,,,,,,,,,
radeon hd 8650g + hd 8670m dual,585,,,,,,,,,,,
radeon hd 7640g + 8500m dual,586,,,,,,,,,,,
radeon hd 7640g + hd 8600/8700m dual,587,,,,,,,,,,,
radeon hd 7660g + 8670m dual,588,,,,,,,,,,,
radeon hd 7660g + 7400m dual,588,,,,,,,,,,,
radeon hd 7520g + 7610m dual,588,,,,,,,,,,,
radeon hd 8610g + 8600m dual,589,,,,,,,,,,,
radeon hd 7640g + hd 7700m dual,589,,,,,,,,,,,
radeon hd 7520g + 7600m dual,591,,,,,,,,,,,
radeon hd 8550g + hd 8600m dual,594,,,,,,,,,,,
radeon hd 7640g + 7470m dual,595,,,,,,,,,,,
radeon r5 m330,596,pcie 3.0 x16,4096.0,,12.0,4.3,18.0,,,,,
radeon hd 8510g + 8500m dual,596,,,,,,,,,,,
radeon hd 8610g + 8670m dual,600,,,,,,,,,,,
geforce 910m,601,,,,,,,10.0,2.0,5.0,3.0,364.0
radeon hd 8550g + 8500m dual,603,,,,,,,,,,,
radeon hd 8650g + hd 8600m dual,606,,,,,,,,,,,
radeon hd 7640g + hd 8500m dual,607,,,,,,,,,,,
radeon hd 8610g + 8500m dual,610,,,,,,,,,,,
radeon hd 8550g n hd 8550g + hd 8600m n hd 8600m d,612,,,,,,,,,,,
radeon hd 8650g + 8600m dual,613,,,,,,,,,,,
radeon hd 7500g + 7500m/7600m dual,617,,,,,,,,,,,
radeon hd 8550g + 8600m dual,618,,,,,,,,,,,
radeon hd 7640g + hd 7400m dual,621,,,,,,,,,,,
radeon hd 7520g + hd 8600/8700m dual,624,,,,,,,,,,,
radeon hd 8650g + 8500m dual,627,,,,,,,,,,,
radeon hd 8510g + hd 8500m dual,630,,,,,,,,,,,
radeon hd 7660g + 7470m dual,631,,,,,,,,,,,
radeon hd 7640g + hd 7700m n hd 7700m dual,631,,,,,,,,,,,
radeon hd 7610m,632,pcie 2.1 x16,1024.0,450.0,11,4.4,20.0,,,,,
radeon hd 8650g + hd 7670m dual,634,,,,,,,,,,,
radeon hd 8650g + 8670m dual,635,,,,,,,,,,,
geforce gtx 285m,636,pcie 2.0 x16,1024.0,600.0,10,3.3,75.0,23.0,2.0,0.0,0.0,0.0
radeon hd 8450g + 8750m dual,637,,,,,,,,,,,
radeon hd 7640g + 7400m dual,637,,,,,,,,,,,
radeon hd 7640g + 7670m dual,645,,,,,,,,,,,
radeon hd 8610g + hd 8500m dual,646,,,,,,,,,,,
geforce gt 735m,650,pcie 3.0 x8,2048.0,889.0,11,4.5,,15.0,2.0,5.0,2.0,453.0
radeon hd 7520g + hd 8750m dual,651,,,,,,,,,,,
radeon hd 8650g + hd 8750m dual,652,,,,,,,11.0,2.0,6.0,0.0,407.0
geforce gts 360m,654,pcie 2.0 x16,1024.0,550.0,10.1,3.3,38.0,16.0,3.0,0.0,0.0,0.0
geforce gt 555m,654,pcie 2.0 x16,1024.0,,11,4.5,30.0,19.0,3.0,5.0,0.0,224.0
radeon hd 8650g + 8570m dual,654,,,,,,,,,,,
radeon hd 8550g + hd 8600/8700m dual,655,,,,,,,14.0,2.0,0.0,0.0,0.0
radeon hd 7640g + 8750m dual,655,,,,,,,,,,,
radeon r7 m340,655,,,,,,,10.0,2.0,6.0,6.0,417.0
radeon hd 8550g + 8690m dual,664,,,,,,,,,,,
radeon hd 7640g + hd 8500m n hd 8500m dual,666,,,,,,,,,,,
radeon hd 7640g + hd 8670m dual,677,,,,,,,,,,,
geforce gts 160m,679,pcie 2.0 x16,1024.0,600.0,10,3.3,60.0,,,,,
radeon hd 7640g n hd 7640g + hd 7670m dual,680,,,,,,,,,,,
radeon hd 8650g n hd 8650g + hd 8600m n hd 8600m d,680,,,,,,,,,,,
radeon hd 6630m,685,pcie 2.1 x16,1024.0,485.0,11,4.4,,,,,,
radeon hd 7640g + 8600/8700m dual,689,,,,,,,,,,,
radeon hd 7640g + 7700m dual,691,,,,,,,,,,,
radeon hd 7570m/hd 7670m,699,pcie 2.1 x16,1024.0,600.0,11.0,4.4,25.0,,,,,
radeon hd 7640g + hd 7600m dual,704,,,,,,,,,,,
radeon hd 7660g n hd 7660g + hd 7670m dual,705,,,,,,,,,,,
radeon hd 7640g + 7600m dual,706,,,,,,,,,,,
radeon hd 7660g + hd 7670m dual,707,,,,,,,,,,,
geforce gt 640m le,709,"pcie 2.0 x16,pcie 3.0 x16",2048.0,,11,4.5,32.0,15.0,2.0,6.0,2.0,318.0
radeon hd 7660g + hd 8670m dual,711,,,,,,,,,,,
radeon hd 8650g + hd 8570m dual,716,,,,,,,,,,,
geforce 920m,719,,,,,,,12.0,2.0,5.0,4.0,472.0
mobility radeon hd 4870,720,pcie x16 2.0,1024.0,550.0,10.1,3.3,,,,,,
radeon hd 7660g n hd 7660g + hd 7600m n hd 7600m d,723,,,,,,,,,,,
radeon hd 7550m/7650m,729,pcie 2.1 x16,1024.0,,11,4.4,13.0,,,,,
radeon hd 7670m + 7670m dual,738,,,,,,,,,,,
radeon hd 8650g + 7600m dual,742,,,,,,,,,,,
radeon hd 7660g + 7670m dual,743,,,,,,,,,,,
radeon hd 7660g + 7610m dual,746,,,,,,,,,,,
radeon hd 7660g + hd 8600/8700m dual,747,,,,,,,,,,,
radeon hd 7640g + 7650m dual,747,,,,,,,,,,,
radeon hd 6650m,753,pcie 2.1 x16,1024.0,600.0,11,4.4,,19.0,4.0,6.0,0.0,326.0
radeon hd 7640g + 7450m dual,754,,,,,,,,,,,
radeon hd 7660g + 7700m dual,757,,,,,,,,,,,
radeon hd 8650g + hd 8600m n hd 8600m dual,758,,,,,,,,,,,
radeon hd 7660g + hd 8500m dual,758,,,,,,,,,,,
mobility radeon hd 5850,763,pcie x16 2.1,1024.0,,11,4.4,31.0,,,,,
radeon hd 8650g + hd 8600/8700m dual,764,,,,,,,,,,,
radeon hd 8650g n hd 8650g + hd 8570m dual,773,,,,,,,,,,,
radeon hd 7600m + 7600m dual,773,,,,,,,,,,,
radeon hd 7640g + 7500m/7600m dual,776,,,,,,,,,,,
radeon hd 7660g + hd 7700m dual,777,,,,,,,21.0,3.0,9.0,0.0,420.0
radeon hd 7730m,778,pcie 2.1 x16,2048.0,,11.1,4.4,25.0,17.0,3.0,5.0,3.0,425.0
geforce 825m,782,pcie 3.0 x8,2048.0,850.0,11,4.5,33.0,15.0,2.0,6.0,4.0,551.0
radeon hd 8650g + 8750m dual,787,,,,,,,,,,,
radeon hd 8730m,788,pcie 3.0 x8,2048.0,650.0,11.1,4.4,,16.0,3.0,5.0,3.0,395.0
radeon hd 8550g + 8750m dual,796,,,,,,,,,,,
radeon hd 8650g n hd 8650g + hd 8600/8700m dual,796,,,,,,,,,,,
geforce gt 740m,798,pcie 3.0 x8,2048.0,980.0,11,4.5,,15.0,2.0,6.0,4.0,550.0
radeon hd 6800m,799,,,,,,,19.0,3.0,8.0,0.0,481.0
radeon hd 8650g + hd 8790m dual,800,,,,,,,,,,,
radeon hd 8550g + 8600/8700m dual,803,,,,,,,,,,,
geforce gt 445m,811,pcie 2.0 x16,1536.0,590.0,11,4.5,35.0,18.0,3.0,8.0,2.0,380.0
radeon r9 m280x,814,pcie 3.0 x16,4096.0,1000.0,11.2,4.3,75.0,11.0,2.0,4.0,5.0,522.0
geforce gt 730m,814,pcie 3.0 x8,2048.0,719.0,11,4.5,33.0,17.0,2.0,7.0,3.0,514.0
radeon hd 8550g + hd 8750m dual,819,,,,,,,,,,,
radeon hd 8650g + hd 7600m dual,820,,,,,,,,,,,
radeon hd 7640g n hd 7640g + hd 7600m n hd 7600m d,824,,,,,,,,,,,
radeon hd 7660g + 7600m dual,832,,,,,,,,,,,
radeon hd 8650g + 8600/8700m dual,832,,,,,,,,,,,
radeon hd 8500m/8700m,853,,,,,,,,,,,
mobility radeon hd 4850,866,pcie x16 2.0,1024.0,500.0,10.1,3.3,,,,,,
radeon hd 7660g + hd 7730m dual,882,,,,,,,,,,,
radeon hd 8650g + 7670m dual,884,,,,,,,,,,,
radeon hd 8550g + 7600m dual,901,,,,,,,,,,,
radeon hd 7690m,909,pcie 2.1 x16,2048.0,,11,4.4,20.0,20.0,4.0,8.0,0.0,336.0
radeon 6750m,911,,,,,,,,,,,
geforce gt 640m,925,pcie 3.0 x16,2048.0,625.0,11,4.5,32.0,19.0,3.0,8.0,3.0,442.0
radeon hd 7660g + 7730m dual,931,,,,,,,,,,,
geforce gt 645m,932,pcie 3.0 x16,2048.0,710.0,11,4.5,32.0,14.0,3.0,7.0,5.0,478.0
radeon hd 6750m,937,pcie 2.1 x16,1024.0,600.0,11,4.4,,,,,,
radeon hd 7640g + 7690m dual,946,,,,,,,,,,,
radeon hd 6770m,964,pcie 2.1 x16,1024.0,725.0,11,4.4,,,,,,
radeon hd 7660g n hd 7660g + hd 7700m n hd 7700m d,967,,,,,,,,,,,
radeon r9 m375,970,pcie 3.0 x16,4096.0,,12.0,4.3,,20.0,3.0,6.0,6.0,536.0
radeon hd 8850m,973,pcie 3.0 x16,2048.0,,11.1,4.4,,,,,,
radeon hd 8690m,984,,,,,,,,,,,
radeon r7 m260x,994,pcie 3.0 x8,4096.0,,11.2,4.3,,17.0,4.0,6.0,5.0,411.0
radeon hd 7640g + hd 8750m dual,997,,,,,,,,,,,
radeon hd 7660g + hd 7500m/7600m dual,999,,,,,,,,,,,
radeon hd 7690m xt,1009,pcie 2.1 x16,2048.0,725.0,11,4.4,25.0,,,,,
geforce 830m,1010,pcie 3.0 x16,2048.0,1029.0,11.2,4.5,25.0,16.0,4.0,6.0,6.0,1323.0
radeon hd 8750m,1010,pcie 3.0 x8,2048.0,,11.1,4.4,,20.0,4.0,7.0,5.0,1174.0
geforce 930m,1013,,,,,,,15.0,4.0,6.0,6.0,571.0
radeon hd 6700m,1017,,,,,,,,,,,
radeon hd 8600/8700m,1030,,,,,,,,,,,
radeon hd 7520g + 7700m dual,1061,,,,,,,,,,,
radeon hd 8450g + 8600/8700m dual,1070,,,,,,,,,,,
mobility radeon hd 5870,1085,pcie x16 2.1,1024.0,700.0,11,4.4,50.0,28.0,5.0,9.0,0.0,496.0
geforce gtx 850m - modded,1092,,,,,,,,,,,
geforce 840m,1092,pcie 3.0 x16,2048.0,1029.0,11.2,4.5,30.0,18.0,4.0,6.0,6.0,625.0
geforce gt 745m,1096,pcie 3.0 x16,2048.0,837.0,11,4.5,45.0,23.0,3.0,9.0,5.0,542.0
radeon 610m,1101,,,,,,,24.0,3.0,11.0,6.0,633.0
radeont 610m,1101,,,,,,,23.0,3.0,11.0,6.0,485.0
radeon r9 m275,1115,,,,,,,,,,,
geforce 940m,1125,pcie 3.0 x16,2048.0,1072.0,12,4.5,33.0,19.0,4.0,6.0,7.0,744.0
radeon hd 8650g + 7700m dual,1126,,,,,,,,,,,
radeon r9 m265x,1139,pcie 3.0 x16,4096.0,575.0,11.2,4.3,,26.0,5.0,6.0,5.0,518.0
radeon hd 8850m / r9 m265x,1140,,,,,,,,,,,
quadro m500m,1163,pcie 3.0 x16,2048.0,,12.1,4.5,30.0,20.0,4.0,7.0,7.0,654.0
geforce gpu,1186,pci-e 3.0 x4,1024.0,954.0,,,,22.0,7.0,12.0,3.0,651.0
radeon hd 7750m,1191,pcie 2.1 x16,2048.0,575.0,11.1,4.4,28.0,,,,,
geforce gt 650m,1202,pcie 3.0 x16,2048.0,,11.2,4.5,45.0,25.0,4.0,10.0,4.0,552.0
radeon r9 m270x,1204,pcie 3.0 x16,4096.0,725.0,11.2,4.3,,16.0,3.0,4.0,9.0,780.0
geforce gtx 460m,1211,pcie 2.0 x16,1536.0,675.0,11,4.5,50.0,30.0,4.0,10.0,4.0,485.0
radeon hd 8790m / r9 m290x,1211,,,,,,,,,,,
geforce gtx 560m,1263,pcie 2.0 x16,3072.0,775.0,11,4.5,75.0,32.0,4.0,10.0,4.0,491.0
geforce 930mx,1286,pci express 3.0,2048.0,952.0,12,4.5,17.0,21.0,5.0,7.0,7.0,687.0
radeon hd 8790m,1306,pcie 3.0 x8,2048.0,850.0,11.1,4.4,,,,,,
geforce gt 750m,1331,pcie 3.0 x16,2048.0,967.0,11,4.5,50.0,28.0,5.0,12.0,5.0,633.0
intel iris plus 640,1352,integrated,,300.0,12,4.4,,27.0,5.0,11.0,5.0,624.0
radeon hd 7850m,1373,pcie 3.0 x16,2048.0,675.0,11.1,4.4,40.0,,,,,
radeon pro wx 4170,1409,pcie 3.0 x8,4096.0,1002.0,12,4.6,50.0,,,,,
radeon r7 m370,1418,,,,,,,,,,,
geforce mx110,1432,,,,,,,22.0,6.0,11.0,7.0,1075.0
geforce gtx 660m,1447,pcie 3.0 x16,2048.0,950.0,11.2,4.5,50.0,31.0,5.0,12.0,5.0,809.0
radeon r9 m365x,1482,pcie 3.0 x16,4096.0,,12.0,4.3,50.0,,,,,
radeon hd 7870m,1507,pcie 3.0 x16,2048.0,800.0,11.1,4.4,45.0,,,,,
geforce 845m,1524,pcie 3.0 x16,,,,,,26.0,6.0,11.0,8.0,780.0
radeon 610m ryzen 9 7945hx,1531,,,,,,,35.0,5.0,16.0,6.0,779.0
radeon r9 m370x,1557,pcie 3.0 x16,4096.0,800.0,12.0,4.3,50.0,32.0,7.0,9.0,7.0,716.0
radeon r9 m275x / m375,1575,pcie 3.0 x16,4096.0,900.0,11.2,4.3,50.0,32.0,6.0,10.0,7.0,803.0
intel iris plus 650,1604,integrated,,300.0,12,4.4,,30.0,6.0,13.0,6.0,726.0
geforce gtx 480m,1617,pcie 2.0 x16,2048.0,425.0,11,4.5,100.0,36.0,7.0,15.0,0.0,345.0
radeon hd 8870m,1638,pcie 3.0 x16,2048.0,725.0,11.1,4.4,,,,,,
radeon hd hd7850m,1652,,,,,,,,,,,
radeon 610m ryzen 9 7940hx,1656,,,,,,,40.0,6.0,18.0,5.0,717.0
geforce gt 755m,1688,pcie 3.0 x16,2048.0,1020.0,11,4.5,50.0,36.0,6.0,15.0,6.0,676.0
radeon hd 6900m,1702,,,,,,,44.0,13.0,12.0,0.0,669.0
geforce gtx 760m,1720,pcie 3.0 x16,2048.0,719.0,11,4.5,55.0,34.0,6.0,15.0,6.0,799.0
geforce gtx 670m,1757,pcie 2.0 x16,3072.0,620.0,11,4.5,75.0,44.0,7.0,15.0,5.0,717.0
firepro w5170m,1788,pcie 3.0 x16,2048.0,925.0,12,4.4,,37.0,7.0,11.0,9.0,782.0
radeon hd 8870m / r9 m270x / m370x,1800,,,,,,,,,,,
radeon r9 m375x,1808,pcie 3.0 x16,4096.0,,12.0,4.3,,36.0,7.0,11.0,10.0,777.0
geforce mx230,1832,,,,,,,32.0,6.0,15.0,9.0,763.0
geforce mx130,1833,,,,,,,26.0,9.0,12.0,9.0,768.0
radeon pro wx 2100,1841,pcie 3.0 x8,2048.0,925.0,12,4.6,35.0,33.0,6.0,14.0,11.0,2735.0
geforce gtx 570m,1864,pcie 2.0 x16,1536.0,575.0,11,4.5,75.0,44.0,7.0,15.0,6.0,789.0
quadro m520,1873,,2048.0,1041.0,12.0,4.5,25.0,29.0,9.0,12.0,8.0,794.0
geforce gtx 675m,1928,pcie 2.0 x16,2048.0,632.0,11,4.5,100.0,49.0,9.0,19.0,2.0,791.0
geforce gtx 470m,1953,pcie 2.0 x16,1536.0,550.0,11,4.5,50.0,44.0,6.0,16.0,8.0,837.0
geforce gtx 670mx,1958,pcie 3.0 x16,3072.0,615.0,11,4.5,75.0,36.0,7.0,16.0,7.0,932.0
radeon r9 m385x,1994,pcie 3.0 x16,,,12.0,4.3,75.0,47.0,9.0,19.0,7.0,1040.0
geforce gtx 765m,1998,pcie 3.0 x16,2048.0,863.0,11,4.5,65.0,38.0,7.0,18.0,7.0,1058.0
radeon r9 m385,2061,pcie 3.0 x16,4096.0,900.0,12.0,4.5,70.0,38.0,8.0,16.0,9.0,965.0
geforce gtx 580m,2074,pcie 2.0 x16,2048.0,620.0,11,4.5,100.0,53.0,10.0,19.0,5.0,684.0
geforce 945m,2109,,,,,,,40.0,11.0,15.0,9.0,858.0
quadro m600m,2151,pcie 3.0 x16,2048.0,,12.1,4.5,30.0,47.0,11.0,16.0,8.0,799.0
radeon pro wx 4130,2168,pcie 3.0 x8,4096.0,1002.0,12,4.6,50.0,38.0,12.0,14.0,12.0,742.0
geforce mx150,2269,pcie 3.0 x16,2048.0,1468.0,12,4.5,25.0,36.0,9.0,18.0,11.0,954.0
radeon hd 6970m,2270,pcie 2.1 x16,2048.0,680.0,11,4.4,75.0,,,,,
radeon r9 m470,2331,pcie 3.0 ã—16,4096.0,,12,4.5,75.0,48.0,8.0,17.0,11.0,874.0
geforce gtx 485m,2360,pcie 2.0 x16,2048.0,575.0,11,4.5,100.0,51.0,9.0,18.0,9.0,908.0
geforce mx250,2407,,,,,,,39.0,10.0,18.0,12.0,1001.0
radeon pro wx 3200,2415,pcie 3.0 x8,4096.0,1295.0,12,4.6,65.0,41.0,9.0,16.0,15.0,1007.0
geforce mx330,2426,,,,,,,38.0,10.0,19.0,12.0,993.0
geforce gtx 850m,2511,pcie 3.0 x16,2048.0,876.0,11.2,4.5,40.0,44.0,12.0,14.0,12.0,1165.0
geforce gtx 950m,2585,pcie 3.0 x16,2048.0,914.0,12.0,4.5,75.0,43.0,12.0,16.0,12.0,1133.0
radeon pro wx 4150,2615,pcie 3.0 x8,4096.0,1002.0,12,4.5,50.0,49.0,13.0,17.0,13.0,931.0
monster geforce gtx 675m,2637,,,,,,,,,,,
geforce gtx 675mx,2717,pcie 3.0 x16,4096.0,667.0,11,4.5,100.0,59.0,13.0,21.0,9.0,1158.0
radeon r9 m380,2774,pcie 3.0 x16,4096.0,,12.0,4.3,,56.0,10.0,22.0,11.0,1212.0
quadro m620,2792,,2048.0,977.0,12.0,4.5,30.0,50.0,14.0,19.0,11.0,1154.0
geforce gtx 770m,2799,pcie 3.0 x16,3072.0,797.0,11,4.5,75.0,51.0,12.0,24.0,10.0,1208.0
geforce mx350,2806,,,,,,,42.0,11.0,21.0,15.0,1244.0
quadro m1000m,2850,pcie 3.0 x16,4096.0,993.0,12.1,4.5,40.0,52.0,14.0,20.0,11.0,1139.0
geforce gtx 860m,3048,pcie 3.0 x16,2048.0,1085.0,11.2,4.5,45.0,56.0,15.0,22.0,13.0,1241.0
radeon 740m,3211,,,,,,,51.0,9.0,27.0,18.0,1741.0
quadro m1200,3236,,4096.0,1093.0,12.0,4.5,45.0,55.0,15.0,22.0,14.0,1370.0
geforce gtx 680m,3239,pcie 3.0 x16,4096.0,719.0,11,4.5,100.0,58.0,13.0,27.0,12.0,1371.0
radeon r9 m470x,3244,pci-e 3.0 x16,4096.0,,12,4.5,75.0,57.0,10.0,24.0,19.0,1275.0
geforce 770m,3246,,,,,,,,,,,
radeon r9 m290x,3256,pcie 3.0 x16,4096.0,850.0,11.2,4.3,100.0,68.0,16.0,22.0,16.0,1398.0
radeon hd8970m,3369,,,,,,,,,,,
geforce gtx 960m,3376,pcie 3.0 x16,4096.0,1097.0,12.0,4.5,65.0,59.0,16.0,24.0,15.0,1521.0
geforce gtx 870m,3450,pcie 3.0 x16,6144.0,967.0,11,4.5,110.0,67.0,14.0,30.0,12.0,1614.0
quadro m2000m,3462,pcie 3.0 x16,4096.0,,12.1,4.5,55.0,58.0,16.0,23.0,15.0,1474.0
radeon pro w5500m,3470,pcie 4.0 x8,4096.0,1000.0,12,4.6,85.0,152.0,20.0,24.0,16.0,1651.0
radeon hd 7970m,3569,pcie 3.0 x16,4096.0,850.0,11.1,4.4,75.0,63.0,16.0,21.0,18.0,1640.0
geforce gtx 680m ky_bullet edition,3569,,,,,,,,,,,
radeon r9 m390x,3597,pcie 3.0 x16,4096.0,723.0,12.0,4.3,100.0,76.0,25.0,21.0,17.0,1210.0
radeon 660m ryzen 5 7535hs,3614,,,,,,,55.0,14.0,34.0,15.0,1542.0
geforce gtx 775m,3635,,,,,,,72.0,17.0,30.0,12.0,1601.0
geforce mx450,3738,,,,,,,54.0,13.0,26.0,24.0,1880.0
geforce gtx 965m,3786,pcie 3.0 x16,4096.0,944.0,12.0,4.5,60.0,67.0,16.0,29.0,17.0,1594.0
geforce gtx 780m,3800,pcie 3.0 x16,4096.0,797.0,11,4.5,122.0,70.0,15.0,33.0,14.0,1743.0
geforce gtx 880m,3818,pcie 3.0 x16,8192.0,993.0,11,4.5,130.0,74.0,16.0,34.0,14.0,1568.0
radeon hd 8970m,3876,pcie 3.0 x16,4096.0,850.0,11.1,4.4,100.0,,,,,
radeon rx 7600m,3940,,,,,,,32.0,22.0,48.0,21.0,1680.0
radeont 660m ryzen 5 7535hs,4051,,,,,,,66.0,17.0,39.0,14.0,1721.0
geforce gtx 1050 with max-q design,4062,pcie 3.0 x16,4096.0,999.0,12,,,59.0,19.0,34.0,18.0,1589.0
geforce gtx 680mx,4138,pcie 3.0 x16,4096.0,719.0,11,4.5,122.0,73.0,17.0,35.0,14.0,1757.0
quadro m2200,4247,pcie 3.0 x16,4096.0,1025.0,12.0,4.5,55.0,74.0,18.0,30.0,19.0,1850.0
radeon rx 5300m,4307,pcie 4.0 x8,3072.0,1000.0,12,4.6,85.0,84.0,29.0,25.0,19.0,1736.0
geforce gtx 1050,4462,pcie 3.0 x16,4096.0,1354.0,12,,,75.0,20.0,35.0,19.0,2089.0
geforce mx550,4537,,,,,,,64.0,16.0,34.0,28.0,2213.0
t550,4811,,,,,,,67.0,17.0,36.0,30.0,2249.0
radeon pro wx vega m gl,4769,integrated,4096.0,931.0,12,4.6,65.0,72.0,25.0,33.0,26.0,1300.0
radeon r9 m395,4911,pcie 3.0 x16,2048.0,,12,4.3,125.0,84.0,28.0,34.0,20.0,1766.0
radeon r9 m295x,5150,pcie 3.0 x16,4096.0,750.0,11.2,4.3,125.0,,,,,
radeon r9 m395x,5195,pcie 3.0 x16,4096.0,,12.0,4.3,125.0,83.0,26.0,34.0,23.0,1744.0
geforce gtx 1050 ti with max-q design,5338,pcie 3.0 x16,4096.0,1151.0,12,,,94.0,27.0,39.0,21.0,2108.0
radeon pro w6300,5560,pcie 4.0 x4,2048.0,1512.0,12_2,4.6,25.0,75.0,29.0,45.0,23.0,2216.0
radeon rx 5500m,5565,pcie 4.0 x8,4096.0,1375.0,12,4.6,85.0,99.0,38.0,33.0,27.0,2250.0
quadro m3000m,5631,pcie 3.0 x16,4096.0,,12.1,4.5,75.0,102.0,26.0,43.0,23.0,2154.0
radeont 680m ryzen 7 7735hs,5651,,,,,,,73.0,23.0,47.0,25.0,2680.0
geforce gtx 970m,5711,pcie 3.0 x16,3072.0,924.0,12,4.5,75.0,99.0,27.0,42.0,24.0,2308.0
geforce mx570,5735,,,,,,,77.0,30.0,39.0,30.0,2589.0
radeon 760m,5766,,,,,,,71.0,21.0,57.0,27.0,3092.0
radeont 760m,5846,,,,,,,72.0,22.0,54.0,28.0,2812.0
geforce gtx 1050 ti,5919,pcie 3.0 x16,4096.0,1493.0,12,,,101.0,30.0,45.0,24.0,2189.0
radeon pro 5300m,5949,pcie 4.0 x8,4096.0,1000.0,12,4.6,85.0,79.0,35.0,38.0,25.0,2751.0
geforce mx570 a,6027,,,,,,,79.0,33.0,39.0,32.0,2689.0
geforce rtx 3050 a,6038,,,,,,,131.0,61.0,87.0,10.0,4232.0
quadro m4000m,6149,pcie 3.0 x16,4096.0,,12.1,4.5,100.0,107.0,31.0,49.0,25.0,2313.0
radeon 680m ryzen 7 7735hs,6167,,,,,,,82.0,23.0,62.0,25.0,2941.0
geforce gtx 1650 with max-q design,6178,pcie 3.0 x16,4096.0,1020.0,12,4.6,35.0,97.0,32.0,48.0,29.0,2290.0
radeon 660m ryzen 5 6600h,6286,,,,,,,58.0,16.0,162.0,80.0,2969.0
geforce gtx 1650 ti with max-q design,6419,pcie 3.0 x16,4096.0,1035.0,12,4.6,35.0,101.0,34.0,53.0,28.0,2347.0
radeon rx 6300m,6422,,,,,,,100.0,30.0,51.0,27.0,2292.0
quadro t1000,6468,,,,,,,109.0,33.0,47.0,28.0,2480.0
quadro p3000,6509,pcie 3.0 x16,6144.0,1088.0,12,,75.0,106.0,35.0,52.0,25.0,2709.0
radeon pro wx 7130,6715,pcie 3.0 x16,8192.0,1188.0,12,4.6,130.0,111.0,43.0,47.0,49.0,2345.0
quadro t1000 with max-q design,6722,,,,,,,111.0,33.0,52.0,29.0,2579.0
rtx a500,6758,,,,,,,85.0,35.0,42.0,38.0,2983.0
radeon pro 5500m,6777,pcie 4.0 x8,8192.0,1000.0,12.0,4.6,85.0,96.0,35.0,43.0,30.0,3328.0
geforce gtx 1650,6969,pcie 3.0 x16,4096.0,1395.0,12,4.6,50.0,116.0,36.0,50.0,27.0,2750.0
quadro m5000m,7004,pcie 3.0 x16,8192.0,962.0,12.1,4.5,100.0,117.0,35.0,54.0,29.0,2720.0
quadro t2000 with max-q design,6899,,,,,,,114.0,35.0,53.0,29.0,2621.0
radeon 780m,7071,,,,,,,84.0,28.0,67.0,31.0,3838.0
t600,7070,,,,,,,114.0,33.0,52.0,32.0,2688.0
radeont 780m,7103,,,,,,,85.0,28.0,68.0,31.0,3779.0
geforce rtx 3050 4gb,6792,pcie 4.0 x16,4096.0,1238.0,12_2,4.6,80.0,85.0,35.0,43.0,38.0,3124.0
quadro t2000,7206,,,,,,,124.0,35.0,50.0,32.0,2885.0
geforce gtx 980m,7364,pcie 3.0 x16,4096.0,1038.0,12,4.5,100.0,126.0,35.0,57.0,31.0,2807.0
geforce gtx 1650 ti,7535,pcie 3.0 x16,4096.0,1350.0,12,4.6,55.0,119.0,39.0,61.0,32.0,2743.0
geforce rtx 2050,7690,pcie 3.0 x8,4096.0,1185.0,12_2,4.6,45.0,105.0,39.0,48.0,42.0,3482.0
radeon rx 6500m,7782,pcie 4.0 x4,4096.0,2000.0,12_2,4.6,50.0,93.0,53.0,72.0,35.0,2859.0
radeon 880m,7791,,,,,,,102.0,33.0,75.0,31.0,3457.0
t1200,7799,,,,,,,123.0,35.0,58.0,36.0,3118.0
geforce gtx 1060 with max-q design,7906,pcie 3.0 x16,6144.0,1480.0,12.1,4.5,80.0,135.0,45.0,61.0,30.0,2883.0
quadro m5500,7915,pcie 3.0 x16,8192.0,861.0,12.0,4.5,150.0,,,,,
geforce gtx 1060,8161,pcie 3.0 x16,6144.0,1404.0,12,4.5,80.0,137.0,49.0,65.0,29.0,3362.0
quadro rtx 3000 with max-q design,8353,pcie 3.0 x16,6144.0,600.0,12,4.6,60.0,111.0,63.0,73.0,36.0,2740.0
radeon 890m,8376,,,,,,,102.0,36.0,76.0,36.0,4153.0
geforce gtx 1660 ti with max-q design,8604,pcie 3.0 x16,6144.0,1140.0,12,4.6,60.0,125.0,54.0,73.0,35.0,3066.0
radeon rx 5600m,8796,pcie 4.0 x16,6144.0,1035.0,12,4.6,150.0,133.0,57.0,65.0,41.0,3112.0
quadro p4000 with max-q design,9083,pcie 3.0 x16,16384.0,1113.0,12.1,,80.0,,,,,
radeon pro 5600m,9233,pcie 4.0 x16,8192.0,1000.0,12,4.6,50.0,117.0,63.0,59.0,39.0,4062.0
geforce rtx 3050,9454,pcie 4.0 x8,4096.0,712.0,12_2,4.6,75.0,118.0,55.0,73.0,45.0,3865.0
radeon pro w6600m,9522,,,,,,,141.0,55.0,86.0,31.0,3957.0
rtx a1000,9552,,,,,,,127.0,51.0,66.0,47.0,3871.0
radeon rx 6550m,9557,,,,,,,134.0,59.0,78.0,41.0,3325.0
geforce rtx 2060 with max-q design,9756,pcie 3.0 x16,6144.0,975.0,12,4.6,65.0,132.0,71.0,77.0,40.0,3487.0
rtx a2000,9914,pcie 4.0 x16,4096.0,,12_2,4.6,95.0,116.0,58.0,71.0,47.0,4453.0
geforce gtx 1070 with max-q design,9936,pcie 3.0 x16,8192.0,1379.0,12.1,4.5,90.0,154.0,65.0,84.0,37.0,3569.0
geforce rtx 3050 ti,10138,pcie 4.0 x8,4096.0,735.0,12,4.6,80.0,120.0,60.0,77.0,49.0,4329.0
rtx a1000 6gb,10158,,,,,,,129.0,54.0,66.0,52.0,4544.0
geforce gtx 1660 ti,10179,pcie 3.0 x16,6144.0,1455.0,12,4.6,80.0,155.0,61.0,86.0,39.0,3739.0
geforce rtx 3050 6gb,10318,pcie 4.0 x16,6144.0,1237.0,12_2,4.6,80.0,130.0,56.0,71.0,52.0,4658.0
geforce gtx 1070,10465,pcie 3.0 x16,8192.0,1443.0,12,,,153.0,74.0,92.0,34.0,4591.0
rtx a2000 8gb,10904,,,,,,,135.0,60.0,76.0,54.0,4590.0
rtx 500 ada generation,10969,,,,,,,138.0,62.0,86.0,51.0,4309.0
quadro rtx 3000,11126,pcie 3.0 x16,6144.0,945.0,12.0,4.6,80.0,168.0,77.0,87.0,43.0,3880.0
geforce rtx 2060,11355,pcie 3.0 x16,6144.0,960.0,12,4.6,80.0,164.0,87.0,96.0,39.0,3992.0
geforce gtx 1080 with max-q design,11494,pcie 3.0 x16,8192.0,1468.0,12.1,4.5,110.0,158.0,66.0,99.0,41.0,5782.0
geforce rtx 2070 with max-q design,11630,pcie 3.0 x16,8192.0,885.0,12,4.6,80.0,166.0,87.0,97.0,45.0,4000.0
intel arc a770m,11759,pcie 4.0 x16,16384.0,1650.0,12_2,4.6,150.0,185.0,52.0,65.0,72.0,4938.0
quadro p5200,12151,,,,,,,186.0,73.0,85.0,46.0,4712.0
radeon rx 6850m,12274,,,,,,,108.0,115.0,118.0,77.0,5938.0
quadro rtx 4000,12281,pcie 3.0 x16,8192.0,1110.0,12.0,4.6,110.0,176.0,95.0,103.0,46.0,4398.0
geforce rtx 2070,12354,pcie 3.0 x16,8192.0,1215.0,12,4.6,115.0,176.0,95.0,111.0,41.0,4487.0
radeon rx 6600s,12445,pcie 4.0 x8,4096.0,1700.0,12_2,4.6,80.0,150.0,82.0,108.0,61.0,4619.0
rtx a3000,12465,,6144.0,,12_2,4.6,130.0,135.0,84.0,104.0,56.0,5583.0
quadro rtx 4000 with max-q design,12476,pcie 3.0 x16,8192.0,780.0,12.1,4.6,80.0,181.0,96.0,104.0,47.0,4405.0
geforce rtx 2080 with max-q design,13027,pcie 3.0 x16,8192.0,735.0,12,4.6,90.0,171.0,102.0,112.0,49.0,4704.0
radeon rx 6800m,13258,,12288.0,2300.0,12,4.6,145.0,147.0,102.0,126.0,65.0,5021.0
geforce rtx 3060,13347,pcie 4.0 x16,6144.0,900.0,12,4.6,115.0,146.0,92.0,111.0,59.0,5836.0
radeon rx 7600m xt,13376,pcie 4.0 x16,8192.0,1437.0,12_2,4.6,120.0,159.0,76.0,131.0,61.0,6576.0
quadro rtx 5000 with max-q design,13417,pcie 3.0 x16,16384.0,600.0,12.0,4.6,80.0,187.0,100.0,110.0,52.0,4656.0
radeon rx 6700m,13549,pcie 4.0 x16,10240.0,1489.0,12_2,4.6,135.0,152.0,94.0,129.0,65.0,5305.0
geforce rtx 2070 super with max-q design,13759,pcie 3.0 x16,8192.0,930.0,12,4.6,80.0,193.0,104.0,111.0,50.0,5060.0
geforce rtx 2080 super with max-q design,13799,pcie 3.0 x16,8192.0,735.0,12,4.6,80.0,184.0,108.0,117.0,53.0,4874.0
radeon rx 7600s,14732,pcie 4.0 x16,8192.0,1500.0,12_2,4.6,75.0,211.0,73.0,138.0,58.0,6213.0
quadro rtx 5000,14832,pcie 3.0 x16,16384.0,1035.0,12.0,4.6,110.0,204.0,110.0,121.0,56.0,5329.0
radeon rx 6700s,14974,pcie 4.0 x8,8192.0,1700.0,12_2,4.6,80.0,190.0,88.0,132.0,57.0,6041.0
radeon 610m ryzen 9 7845hx,14990,,,,,,,174.0,85.0,122.0,67.0,6025.0
radeon rx 6650m,15071,,,,,,,222.0,83.0,145.0,55.0,5954.0
geforce rtx 2080,15107,pcie 3.0 x16,8192.0,1380.0,12,4.6,150.0,194.0,116.0,140.0,53.0,6508.0
rtx 2000 ada generation,15258,,,,,,,195.0,90.0,130.0,67.0,5588.0
rtx a4000,15395,pcie 4.0 x16,16384.0,735.0,12_2,4.6,140.0,160.0,112.0,133.0,66.0,6757.0
geforce rtx 3070,15439,pcie 4.0 x16,8192.0,1100.0,12,4.6,115.0,159.0,115.0,138.0,64.0,6954.0
radeon rx 6800s,15490,pcie 4.0 x8,8192.0,1800.0,12,4.6,100.0,189.0,91.0,134.0,64.0,6127.0
rtx 3000 ada generation,16082,,,,,,,192.0,102.0,152.0,74.0,6159.0
rtx a5000,16141,,16384.0,,12_2,4.6,165.0,164.0,121.0,135.0,74.0,7156.0
geforce rtx 3080,16484,pcie 4.0 x16,8192.0,1100.0,12,4.6,115.0,168.0,123.0,146.0,73.0,7437.0
radeon rx 6650m xt,17071,,,,,,,228.0,103.0,170.0,66.0,5684.0
rtx a5500,17350,,,,,,,189.0,112.0,139.0,83.0,7459.0
rtx a4500,17425,,,,,,,203.0,113.0,136.0,80.0,7008.0
radeon rx 6850m xt,17512,,,,,,,208.0,104.0,157.0,81.0,6810.0
geforce rtx 4060,17659,pcie 4.0 x16,8192.0,1470.0,12_2,4.6,115.0,218.0,110.0,159.0,73.0,6827.0
geforce rtx 3070 ti,17946,pcie 4.0 x16,8192.0,915.0,12_2,4.6,115.0,194.0,127.0,156.0,75.0,7661.0
rtx 3500 ada generation,19041,,,,,,,246.0,125.0,189.0,78.0,7127.0
geforce rtx 4070,19587,pcie 4.0 x16,8192.0,1230.0,12_2,4.6,115.0,222.0,118.0,179.0,85.0,8363.0
geforce rtx 3080 ti,19669,pcie 4.0 x16,16384.0,810.0,12_2,4.6,115.0,202.0,134.0,166.0,90.0,8673.0
radeon rx 7900m,22752,,,,,,,267.0,127.0,256.0,93.0,9297.0
rtx 4000 ada generation,22962,,,,,,,271.0,140.0,224.0,100.0,9232.0
rtx 5000 ada generation,24006,,,,,,,272.0,153.0,239.0,102.0,9553.0
geforce rtx 4080,25076,pcie 4.0 x16,12288.0,1860.0,12_2,4.6,150.0,286.0,161.0,248.0,96.0,11422.0
geforce rtx 4090,27754,pcie 4.0 x16,16384.0,1455.0,12_2,4.6,150.0,315.0,181.0,270.0,107.0,12650.0
